code,name
ABE,Allentown Lehigh Valley
ABI,Abilene Regional
ABQ,Albuquerque International Sunport
ABY,Albany Southwest Georgia Regional
ACK,Nantucket Memorial
ACT,Waco Regional
ACV,Arcata California Redwood Coast Humboldt County
AEX,Alexandria
AGS,Augusta Regional at Bush Field
ALB,Albany
ALO,Waterloo Regional
AMA,Rick Husband Amarillo
ANC,Ted Stevens Anchorage
ASE,Aspen Pitkin County Sardy Field
ATL,Hartsfield-Jackson Atlanta
ATW,Appleton
ATY,Watertown Regional
AUS,Austin - Bergstrom
AVL,Asheville Regional
AVP,Wilkes Barre Scranton
AZO,Kalamazoo/Battle Creek
BDL,Hartford Bradley
BFF,Scottsbluff W Neb Regional Wm B Heilig Field
BFL,Bakersfield Meadows Field
BGR,Bangor
BHM,Birmingham-Shuttlesworth
BIH,Bishop Airport
BIL,Billings Logan
BIS,Bismarck Municipal
BMI,Central Il Regional Airport at Bloomington
BNA,Nashville
BOI,Boise Air Terminal
BOS,Boston Logan
BPT,Beaumont Jack Brooks Regional
BRO,Brownsville South Padre Island
BTM,Butte Bert Mooney
BTR,Baton Rouge Metropolitan/Ryan Field
BTV,Patrick Leahy Burlington
BUF,Buffalo Niagara
BUR,Burbank Bob Hope
BWI,Baltimore/Washington International Thurgood Marshall
BZN,Bozeman Yellowstone
CAE,Columbia Metropolitan
CAK,Akron-Canton Regional
CHA,Chattanooga Lovell Field
CHO,Charlottesville Albemarle
CHS,Charleston AFB/International
CID,Cedar Rapids The Eastern Iowa
CIU,Sault Ste. Marie Chippewa County
CLE,Cleveland-Hopkins
CLL,College Station Easterwood Field
CLT,Charlotte Douglas
CMH,John Glenn Columbus
CMI,Champaign University of Illinois/Willard
CMX,Hancock Houghton County Memorial
COD,Cody Yellowstone Regional
COS,City of Colorado Springs Municipal
COU,Columbia Regional
CPR,Casper/Natrona County
CRP,Corpus Christi
CRW,Charleston West Virginia International Yeager
CVG,Cincinnati/Northern Kentucky
CWA,Mosinee Central Wisconsin
CYS,Cheyenne Regional/Jerry Olson Field
DAB,Daytona Beach
DAL,Dallas Love Field
DAY,James M Cox/Dayton
DCA,Ronald Reagan Washington National
DDC,Dodge City Regional
DEC,Decatur Airport
DEN,Denver
DFW,Dallas/Fort Worth
DHN,Dothan Regional
DIK,Dickinson - Theodore Roosevelt Regional
DLH,Duluth
DRO,Durango La Plata County
DSM,Des Moines
DTW,Detroit Metro Wayne County
DVL,Devils Lake Regional
EAR,Kearney Regional
EAU,Eau Claire Chippewa Valley Regional
ECP,Panama City Northwest Florida Beaches
EGE,Eagle County Regional
ELP,El Paso
ERI,Erie International/Tom Ridge Field
EUG,Eugene Mahlon Sweet Field
EVV,Evansville Regional
EWN,New Bern Coastal Carolina Regional
EWR,Newark Liberty
EYW,Key West
FAI,Fairbanks
FAR,Fargo Hector
FAT,Fresno Yosemite
FAY,Fayetteville Regional/Grannis Field
FCA,Kalispell Glacier Park
FLG,Flagstaff Pulliam
FLL,Fort Lauderdale-Hollywood
FMN,Farmington Four Corners Regional
FNT,Flint Bishop
FOD,Fort Dodge Regional
FSD,Sioux Falls Joe Foss Field
FSM,Fort Smith Regional
FWA,Fort Wayne
GCC,Gillette Northeast Wyoming Regional
GCK,Garden City Regional
GEG,Spokane
GGG,Longview East Texas Regional
GJT,Grand Junction Regional
GNV,Gainesville Regional
GPT,Gulfport-Biloxi
GRB,Green Bay Austin Straubel
GRI,Grand Island Central Nebraska Regional
GRK,Killeen Robert Gray AAF
GRR,Grand Rapids Gerald R. Ford
GSO,Greensboro Piedmont Triad
GSP,Greer Greenville-Spartanburg
GTF,Great Falls
GTR,Columbus Golden Triangle Regional
GUC,Gunnison-Crested Butte Regional
HDN,Hayden Yampa Valley
HHH,Hilton Head Airport
HLN,Helena Regional
HNL,Honolulu Daniel K Inouye
HOB,Hobbs Lea County Regional
HOU,Houston William P Hobby
HPN,White Plains Westchester County
HRL,Harlingen Valley
HSV,Huntsville International-Carl T Jones Field
HYA,Hyannis Cape Cod Gateway
HYS,Hays Regional
IAD,Washington Dulles
IAH,George Bush Intercontinental/Houston
ICT,Wichita Dwight D Eisenhower National
IDA,Idaho Falls Regional
ILM,Wilmington
IND,Indianapolis
JAC,Jackson Hole
JAN,Jackson Medgar Wiley Evers
JAX,Jacksonville
JFK,New York John F. Kennedy
JLN,Joplin Regional
JMS,Jamestown Regional
JST,John Murtha Johnstown-Cambria County
KOA,Ellison Onizuka Kona International at Keahole
LAF,Lafayette Purdue University
LAN,Lansing Capital Region
LAR,Laramie Regional
LAS,Las Vegas Harry Reid
LAW,Lawton-Fort Sill Regional
LAX,Los Angeles
LBB,Lubbock Preston Smith
LBF,North Platte Regional Airport Lee Bird Field
LBL,Liberal Mid-America Regional
LCH,Lake Charles Regional
LEX,Lexington Blue Grass
LFT,Lafayette Regional Paul Fournet Field
LGA,New York LaGuardia
LGB,Long Beach Airport
LIH,Lihue Airport
LIT,Little Rock Bill and Hillary Clinton Nat Adams Field
LNK,Lincoln Airport
LRD,Laredo
LSE,La Crosse Regional
LWS,Lewiston Nez Perce County
MAF,Midland International Air and Space Port
MBS,Saginaw MBS
MCI,Kansas City
MCO,Orlando
MCW,Mason City Municipal
MDT,Harrisburg
MDW,Chicago Midway
MEM,Memphis
MFE,Mission McAllen
MFR,Rogue Valley International - Medford
MGM,Montgomery Regional
MGW,Morgantown Municipal Walter L Bill Hart Field
MHK,Manhattan Regional
MHT,Manchester Boston Regional
MIA,Miami
MKE,Milwaukee General Mitchell
MLB,Melbourne Orlando
MLI,Moline Quad Cities
MLU,Monroe Regional
MOB,Mobile Regional
MOT,Minot
MQT,Marquette Sawyer Regional
MRY,Monterey Regional
MSN,Madison Dane County Regional-Truax Field
MSO,Missoula Montana
MSP,Minneapolis-St Paul
MSY,Louis Armstrong New Orleans
MTJ,Montrose Regional
MVY,Martha's Vineyard Airport
MYR,Myrtle Beach
OAJ,Jacksonville Albert J Ellis
OAK,Oakland
OGG,Kahului Airport
OKC,Oklahoma City Okc Will Rogers
OMA,Omaha Eppley Airfield
ONT,Ontario
ORD,Chicago O'Hare
ORF,Norfolk
OTH,North Bend Southwest Oregon Regional
PAE,Everett Seattle Paine Field
PBI,West Palm Beach
PDX,Portland
PHF,Newport News/Williamsburg
PHL,Philadelphia
PHX,Phoenix Sky Harbor
PIA,General Downing - Peoria
PIR,Pierre Regional
PIT,Pittsburgh
PLN,Pellston Regional Emmet County
PNS,Pensacola
PRC,Prescott Regional Ernest A Love Field
PSC,Pasco Tri Cities
PSP,Palm Springs
PVD,Providence Rhode Island Tf Green
PVU,Provo Municipal
PWM,Portland International Jetport
RAP,Rapid City Regional
RDD,Redding Regional
RDM,Bend Roberts Field
RDU,Raleigh-Durham
RHI,Rhinelander/Oneida County
RIC,Richmond
RIW,Riverton Central Wyoming Regional
RKS,Rock Springs Southwest Wyoming Regional
RNO,Reno/Tahoe
ROA,Roanoke Blacksburg Regional
ROC,Frederick Douglass Grtr Rochester
ROW,Roswell Air Center
RST,Rochester
RSW,Fort Myers Southwest Florida
SAF,Santa Fe Regional
SAN,San Diego
SAT,San Antonio
SAV,Savannah/Hilton Head
SBA,Santa Barbara Municipal
SBN,South Bend
SBP,San Luis Obispo County Regional
SCE,State College Regional
SCK,Stockton Metro
SDF,Louisville Muhammad Ali
SEA,Seattle/Tacoma
SFO,San Francisco
SGF,Springfield-Branson National
SGU,St. George St George Regional
SHR,Sheridan County
SHV,Shreveport Regional
SJC,Norman Y. Mineta San Jose
SJT,San Angelo Regional/Mathis Field
SJU,San Juan Luis Munoz Marin
SLC,Salt Lake City
SLN,Salina Regional
SMF,Sacramento
SNA,Santa Ana John Wayne Airport-Orange County
SPI,Springfield Abraham Lincoln Capital
SPS,Sheppard AFB/Wichita Falls Municipal
SRQ,Sarasota/Bradenton
STL,St. Louis St Louis Lambert
STS,Santa Rosa Charles M. Schulz - Sonoma County
STT,Charlotte Amalie Cyril E King
STX,Christiansted Henry E. Rohlsen
SUN,Sun Valley Friedman Memorial
SUX,Sioux City Sioux Gateway Brig Gen Bud Day Field
SWO,Stillwater Regional
SYR,Syracuse Hancock
TLH,Tallahassee
TPA,Tampa
TRI,Bristol Tri Cities
TTN,Trenton Mercer
TUL,Tulsa
TUS,Tucson
TVC,Traverse City Cherry Capital
TXK,Texarkana Regional-Webb Field
TYR,Tyler Pounds Regional
TYS,Knoxville McGhee Tyson
VPS,Valparaiso Eglin AFB Destin Fort Walton Beach
WYS,West Yellowstone
XNA,Fayetteville Northwest Arkansas National
XWA,Williston Basin
YUM,Yuma MCAS/Yuma
